aaaaa;594f803b380a41396ed63dca39503542
aaabb;ee3c095e9650abc1bec0b46d5ed0648d
aeaae;317c8a5e58bbc896d66bdbbcff9f0697
aibbc;90c315cf80acf514706a7909784a53bb
fbccc;395eeb1ad335a84305c9006805470868
daefg;245aa9ffce6af7a91c38695e068d0657
bbbcc;a5ee7ad2f94348bbcb8d240277a95703
eeeee;86871b9b1ab33b0834d455c540d82e89
cccdd;015964340da1a9f5c5abee61f0e91a30
ababa;88cbc990f555585c848f265d56bbb85a
cbcbc;2452d06c622be49f29d0841ea18c5076
fffff;a98f6f64e6cdfac22ab2ffd15a7241e3
efabc;57180d84de11326487efd35d7af975a9
abcde;ab56b4d92b40713acc5af89985d4b786
hhhhh;c1181aacf646b97f0a0a782db351a405
nnnnm;1568a9ed647a8e95137da6960202a370
mimim;c22b74a7a93725d7a7dc73cb05627349
aazaa;49d839d0aeb7decf7b7dc0cbe2fda863
sssss;a587a57ee9f900991245ecd61ae49d1d
gglll;dfc58d7537da53a11492600d533c20de
